{"cameraMode":{"drawMode":0,"name":"Shaded","section":"Shading Mode"},"sceneLighting":true,"audioPlay":false,"sceneViewState":{"m_AlwaysRefresh":false,"showFog":true,"showSkybox":true,"showFlares":true,"showImageEffects":true,"showParticleSystems":true,"showVisualEffectGraphs":true,"m_FxEnabled":true},"in2DMode":false,"pivot":{"x":632.2609252929688,"y":301.1796875,"z":-1.2823867797851563},"rotation":{"x":0.0071905613876879219,"y":0.003598089562729001,"z":0.000025860570531222038,"w":-0.9999729990959168},"size":333.2784118652344,"orthographic":false}